Inventory_ID,Location_ID,Item_ID,Inventory_Date,Opening_Stock,Purchases,Units_Sold,Adjustments,Closing_Stock,Reorder_Level,Wastage_Quantity,Stockout_Flag,Supplier_ID,Is_Anomaly
1,1,53,2024-09-24,40,13,143,3,-87,8,0.44,True,SUP009,True
2,1,128,2024-09-24,92,37,82,-3,44,16,1.9,False,SUP041,False
3,1,176,2024-09-24,12,37,21,-3,25,8,1.57,False,SUP073,False
4,1,164,2024-09-24,33,53,34,-4,48,8,0.46,False,SUP061,False
5,1,90,2024-09-24,78,50,55,-3,70,25,2.51,False,SUP008,False
6,1,208,2024-09-24,86,68,9,-2,143,14,2.44,False,SUP023,False
7,1,66,2024-09-24,40,11,52,0,-1,29,0.87,True,SUP022,True
8,1,88,2024-09-24,40,64,28,-1,75,9,0.57,False,SUP045,False
9,1,43,2024-09-24,68,19,8,0,79,14,2.32,False,SUP011,False
10,1,50,2024-09-24,71,10,48,0,33,22,0.4,False,SUP037,False
11,1,2,2024-09-24,17,36,63,2,-8,22,2.01,True,SUP044,True
12,1,134,2024-09-24,20,66,18,0,68,21,2.18,False,SUP065,False
13,1,144,2024-10-01,89,51,10,1,131,11,2.97,False,SUP003,False
14,1,204,2024-10-01,19,19,34,-1,3,18,1.66,False,SUP035,False
15,1,67,2024-10-01,45,39,34,-4,46,17,1.85,False,SUP014,False
16,1,40,2024-10-01,85,36,36,-1,84,17,0.84,False,SUP074,False
17,1,129,2024-10-01,44,41,27,1,59,27,1.89,False,SUP032,False
18,1,36,2024-10-01,53,13,36,4,34,29,2.89,False,SUP037,False
19,1,101,2024-10-01,28,39,45,2,24,29,1.98,False,SUP038,False
20,1,190,2024-10-01,23,62,71,-4,10,8,2.74,False,SUP069,False
21,1,24,2024-10-01,49,76,11,-3,111,24,2.26,False,SUP020,False
22,1,10,2024-10-01,75,38,33,1,81,10,2.21,False,SUP034,False
23,1,2,2024-10-01,10,75,63,3,25,8,1.41,False,SUP047,False
24,1,55,2024-10-01,77,34,31,-2,78,15,1.19,False,SUP036,False
25,1,23,2024-10-08,81,66,54,4,97,9,2.61,False,SUP009,False
