Category_ID,Category_Name,Description
1,Pakistani Main Course,Pakistani Main Course menu selection
2,BBQ,BBQ menu selection
3,Biryani & Rice,Biryani & Rice menu selection
4,Burgers,Burgers menu selection
5,Pizza,Pizza menu selection
6,Fried Chicken,Fried Chicken menu selection
7,Chinese,Chinese menu selection
8,Fast Food,Fast Food menu selection
9,Desi Breakfast,Desi Breakfast menu selection
10,Karahi,Karahi menu selection
11,Handi,Handi menu selection
12,Seafood,Seafood menu selection
13,Desserts,Desserts menu selection
14,Beverages,Beverages menu selection
15,Tea & Coffee,Tea & Coffee menu selection
16,Rolls & Wraps,Rolls & Wraps menu selection
17,Salads,Salads menu selection
18,Kids Meals,Kids Meals menu selection
