Price_History_ID,Item_ID,Location_ID,Effective_From,Effective_To,Previous_Price,New_Price,Price_Change_Percentage,Reason,Approved_Date
1,1,1,2024-09-24,2025-02-16,520,560,7.69,Menu Repricing,2024-09-22
2,1,1,2025-02-17,2025-07-12,560,580,3.57,Ingredient Cost Increase,2025-02-09
3,1,1,2025-07-13,2025-12-05,580,610,5.17,Seasonal Pricing,2025-07-09
4,1,1,2025-12-06,2026-04-30,610,630,3.28,Ingredient Cost Increase,2025-12-04
5,1,1,2026-05-01,2026-09-23,630,660,4.76,Supplier Change,2026-04-27
6,1,2,2024-09-24,2025-02-16,470,500,6.38,Competitor Adjustment,2024-09-21
7,1,2,2025-02-17,2025-07-12,500,530,6.0,Supplier Change,2025-02-08
8,1,2,2025-07-13,2025-12-05,530,550,3.77,Competitor Adjustment,2025-07-09
9,1,2,2025-12-06,2026-04-30,550,570,3.64,Inflation,2025-12-06
10,1,2,2026-05-01,2026-09-23,570,590,3.51,Supplier Change,2026-04-30
11,1,3,2024-09-24,2025-02-16,520,550,5.77,Ingredient Cost Increase,2024-09-24
12,1,3,2025-02-17,2025-07-12,550,580,5.45,Inflation,2025-02-13
13,1,3,2025-07-13,2025-12-05,580,600,3.45,Supplier Change,2025-07-11
14,1,3,2025-12-06,2026-04-30,600,630,5.0,Inflation,2025-11-30
15,1,3,2026-05-01,2026-09-23,630,650,3.17,Ingredient Cost Increase,2026-04-23
16,1,4,2024-09-24,2025-03-24,550,580,5.45,Seasonal Pricing,2024-09-21
17,1,4,2025-03-25,2025-09-23,580,610,5.17,Supplier Change,2025-03-23
18,1,4,2025-09-24,2026-03-24,610,640,4.92,Supplier Change,2025-09-20
19,1,4,2026-03-25,2026-09-23,640,660,3.12,Seasonal Pricing,2026-03-18
20,1,5,2024-09-24,2025-03-24,470,500,6.38,Competitor Adjustment,2024-09-23
21,1,5,2025-03-25,2025-09-23,500,520,4.0,Inflation,2025-03-16
22,1,5,2025-09-24,2026-03-24,520,540,3.85,Seasonal Pricing,2025-09-16
23,1,5,2026-03-25,2026-09-23,540,560,3.7,Seasonal Pricing,2026-03-18
24,1,6,2024-09-24,2025-05-24,550,590,7.27,Menu Repricing,2024-09-24
25,1,6,2025-05-25,2026-01-22,590,610,3.39,Inflation,2025-05-18
