Promotion_ID,Promotion_Name,Promotion_Type,Discount_Percentage,Fixed_Discount,Minimum_Order_Value,Start_Date,End_Date,Applicable_Locations,Applicable_Categories,Usage_Limit,Promotion_Status,Is_Misleading
1,Friday Family Deal,Free Delivery,5,150,1999,2025-10-24,2025-12-06,24|15|20|14|6,14,9324,Expired,False
2,Ramadan Iftar Deal,Free Delivery,25,400,2999,2025-11-21,2026-01-18,ALL,ALL,916,Expired,False
3,Eid Family Feast,Fixed,25,400,4999,2026-05-08,2026-07-13,ALL,ALL,6073,Expired,False
4,Weekend Burger Deal,Percentage,10,100,799,2025-04-09,2025-06-12,15|24|14|18|12,ALL,10872,Expired,False
5,Buy 1 Get 1 Free,Fixed,0,100,4999,2025-10-09,2025-12-03,ALL,10,3976,Expired,False
6,Student Discount,Bundle,25,100,0,2024-09-26,2024-10-31,ALL,ALL,2688,Expired,False
7,Lunch Special,Bundle,5,100,2999,2026-05-01,2026-06-30,27|25|5|23|8,ALL,10364,Expired,False
8,Karachi Food Festival,Fixed,15,0,1199,2026-04-27,2026-05-28,ALL,ALL,9635,Expired,False
9,Independence Day Offer,Percentage,15,0,1999,2025-03-27,2025-05-02,ALL,12,9384,Expired,False
10,New Customer Discount,Percentage,0,100,1999,2025-01-30,2025-03-21,16|24|5|21|8,ALL,4954,Expired,False
11,Free Delivery Weekend,Fixed,25,400,4999,2025-06-29,2025-08-17,ALL,ALL,4131,Expired,False
12,Winter BBQ Deal,Bundle,20,150,0,2026-05-09,2026-05-30,ALL,ALL,9603,Expired,False
13,Pizza Tuesday,Bundle,20,0,0,2025-01-14,2025-02-23,7|13|12|25|3,15,4459,Expired,False
14,High Basket Threshold Deal,Percentage,10,0,1199,2025-05-24,2025-07-03,ALL,ALL,5087,Expired,True
15,App Loyalty Bonus,Bundle,5,400,0,2025-10-08,2025-10-22,ALL,ALL,943,Expired,False
16,Friday Family Deal 2,Percentage,25,250,799,2024-12-17,2025-01-20,20|25|5|4|13,ALL,10437,Expired,False
17,Ramadan Iftar Deal 2,Percentage,25,400,799,2026-01-30,2026-03-02,ALL,8,11470,Expired,False
18,Eid Family Feast 2,Free Delivery,0,400,799,2026-02-05,2026-03-11,ALL,ALL,8086,Expired,False
19,Weekend Burger Deal 2,Free Delivery,20,0,0,2026-04-08,2026-04-27,26|2|8|18|23,ALL,3710,Expired,False
20,Buy 1 Get 1 Free 2,Bundle,25,250,799,2024-10-28,2024-12-03,ALL,ALL,692,Expired,False
21,Student Discount 2,Percentage,20,400,2999,2026-02-20,2026-03-27,ALL,15,1357,Expired,False
22,Lunch Special 2,Percentage,15,150,1199,2024-12-17,2025-02-21,17|14|8|26|25,ALL,7312,Expired,False
23,Karachi Food Festival 2,Fixed,10,150,799,2026-03-22,2026-04-28,ALL,ALL,10249,Expired,False
24,Independence Day Offer 2,Bundle,5,100,1199,2024-12-08,2025-01-17,ALL,ALL,1485,Expired,False
25,New Customer Discount 2,Fixed,25,0,1199,2026-02-05,2026-02-19,14|26|17|6|1,12,11162,Expired,False
