Table,Source,Condition_Detected,Cleaning_Rule,Action,Result,Records_Removed_From_Clean_View,Records_Corrected,Records_Retained_As_Anomalies,Reason
orders,data/orders.csv,Is_Anomaly or Is_Duplicate or repeated Order_ID.,Exclude flagged anomaly/duplicate rows and repeated Order_ID.,Exclude from cleaned sample only; raw canonical table preserved.,First 25 eligible rows exported.,55,0,55,Keep source auditable; provide conservative clean view without silently altering raw data.
pricing_history,data/pricing_history.csv,None beyond required key/relationship checks.,Retain source rows; preserve documented optional nulls.,Exclude from cleaned sample only; raw canonical table preserved.,First 25 eligible rows exported.,0,0,0,Keep source auditable; provide conservative clean view without silently altering raw data.
customers,data/customers.csv,None beyond required key/relationship checks.,Retain source rows; preserve documented optional nulls.,Exclude from cleaned sample only; raw canonical table preserved.,First 25 eligible rows exported.,0,0,0,Keep source auditable; provide conservative clean view without silently altering raw data.
menu_categories,data/menu_categories.csv,None beyond required key/relationship checks.,Retain source rows; preserve documented optional nulls.,Exclude from cleaned sample only; raw canonical table preserved.,First 25 eligible rows exported.,0,0,0,Keep source auditable; provide conservative clean view without silently altering raw data.
promotions,data/promotions.csv,None beyond required key/relationship checks.,Retain source rows; preserve documented optional nulls.,Exclude from cleaned sample only; raw canonical table preserved.,First 25 eligible rows exported.,0,0,0,Keep source auditable; provide conservative clean view without silently altering raw data.
ordering_channels,data/ordering_channels.csv,None beyond required key/relationship checks.,Retain source rows; preserve documented optional nulls.,Exclude from cleaned sample only; raw canonical table preserved.,First 25 eligible rows exported.,0,0,0,Keep source auditable; provide conservative clean view without silently altering raw data.
menu_items,data/menu_items.csv,None beyond required key/relationship checks.,Retain source rows; preserve documented optional nulls.,Exclude from cleaned sample only; raw canonical table preserved.,First 25 eligible rows exported.,0,0,0,Keep source auditable; provide conservative clean view without silently altering raw data.
wastage,data/wastage.csv,Is_Anomaly or negative Quantity_Wasted.,Exclude flagged anomaly rows and negative quantity from clean sample.,Exclude from cleaned sample only; raw canonical table preserved.,First 25 eligible rows exported.,44,0,44,Keep source auditable; provide conservative clean view without silently altering raw data.
ratings,data/ratings.csv,Quality flags or rating outside allowed scale.,Exclude flagged anomaly/duplicate ratings and ratings outside 1-5.,Exclude from cleaned sample only; raw canonical table preserved.,First 25 eligible rows exported.,288,0,229,Keep source auditable; provide conservative clean view without silently altering raw data.
order_items,data/order_items.csv,"Quality flags, quantity <= 0, or parent order not Completed.","Exclude flagged anomaly/duplicate rows, nonpositive quantities, and lines for noncompleted orders.",Exclude from cleaned sample only; raw canonical table preserved.,First 25 eligible rows exported.,112910,0,972,Keep source auditable; provide conservative clean view without silently altering raw data.
inventory,data/inventory.csv,Is_Anomaly.,Exclude flagged anomaly rows from clean sample.,Exclude from cleaned sample only; raw canonical table preserved.,First 25 eligible rows exported.,1646,0,1646,Keep source auditable; provide conservative clean view without silently altering raw data.
restaurants,data/restaurants.csv,None beyond required key/relationship checks.,Retain source rows; preserve documented optional nulls.,Exclude from cleaned sample only; raw canonical table preserved.,First 25 eligible rows exported.,0,0,0,Keep source auditable; provide conservative clean view without silently altering raw data.
