Requirement ID,Faithful SRS requirement,Implementation component,Dependencies,Test or verification,Status
FR-EX-01,Secure role-based user login,src/dineiq/db/auth.py; frontend/app/api/[...path]/route.ts; frontend/bridge_worker.py; src/dineiq/cli.py,SQLite schema and administrator bootstrap,Password/authentication tests and WSL login smoke,VERIFIED
FR-EX-02,Role-based permissions,src/dineiq/db/permissions.py; src/dineiq/db/repository.py,Authenticated principal,Permission and location-scope tests,VERIFIED
FR-EX-03,Administrator management of restaurant locations,src/dineiq/db/schema.py; frontend/app/api/[...path]/route.ts; frontend/components/workspace.tsx; frontend/bridge_worker.py,Admin login,SQLite/UI location CRUD smoke,VERIFIED
FR-EX-04,Store menu categories/items/prices/costs/descriptions/availability,src/dineiq/db/schema.py; frontend/app/api/[...path]/route.ts; frontend/components/workspace.tsx; frontend/bridge_worker.py,Menu category and item records,Foreign-key/constraint and UI CRUD,VERIFIED
FR-EX-05,Maintain effective historical prices by item,src/dineiq/db/schema.py; frontend/app/api/[...path]/route.ts; frontend/components/workspace.tsx; frontend/bridge_worker.py,Menu items,SQLite/UI pricing-history CRUD,VERIFIED
FR-EX-06,Store anonymized customer profiles and behavior,src/dineiq/db/schema.py; src/dineiq/db/repository.py; frontend/app/api/[...path]/route.ts; frontend/components/workspace.tsx; frontend/bridge_worker.py,Pseudonymous Customer_ID,PII exclusion test and UI check,VERIFIED
FR-EX-07,Store order headers and detail lines,src/dineiq/db/schema.py; frontend/app/api/[...path]/route.ts; frontend/components/workspace.tsx; frontend/bridge_worker.py,Customers/locations/items,Foreign-key and CRUD smoke,VERIFIED
FR-EX-08,Maintain promotions/coupons/campaign dates/applicable items,src/dineiq/db/schema.py; src/dineiq/db/repository.py; frontend/app/api/[...path]/route.ts; frontend/components/workspace.tsx; frontend/bridge_worker.py,Menu items,Promotion validation and CRUD smoke,VERIFIED
FR-EX-09,Store ratings linked to item or location,src/dineiq/db/schema.py; frontend/app/api/[...path]/route.ts; frontend/components/workspace.tsx; frontend/bridge_worker.py,Items/locations,Rating constraint and CRUD smoke,VERIFIED
FR-EX-10,Maintain inventory use/stock/replenishment/consumption,src/dineiq/db/schema.py; frontend/app/api/[...path]/route.ts; frontend/components/workspace.tsx; frontend/bridge_worker.py,Items/locations,CRUD smoke,VERIFIED
FR-EX-11,Store wastage quantity/cost/item/location/date/reason,src/dineiq/db/schema.py; frontend/app/api/[...path]/route.ts; frontend/components/workspace.tsx; frontend/bridge_worker.py,Items/locations,CRUD smoke,VERIFIED
NFR-EX-06,Address privacy/security/regulatory requirements,src/dineiq/db/auth.py; src/dineiq/db/permissions.py; src/dineiq/db/repository.py; src/dineiq/db/schema.py,Authentication and scoped persistence,Password/PII/parameterization tests and WSL review,VERIFIED
